S121C	2019-03-14 19:21:52
value unit [W]	time unit [ms]
wavelength	413.000nm
range	AUTO
1.026999E-07	253
1.155851E-07	553
1.155823E-07	853
1.147194E-07	1153
1.132863E-07	1453
7.882772E-07	1753
4.533365E-05	2168
4.551601E-05	2468
4.573090E-05	2768
4.598383E-05	3068
4.618321E-05	3368
4.636369E-05	3668
4.657382E-05	3968
4.674979E-05	4268
4.692634E-05	4568
4.634433E-05	4868
4.645193E-05	5168
4.670438E-05	5468
4.680786E-05	5768
4.651139E-05	6068
4.621397E-05	6368
4.623740E-05	6668
4.647697E-05	6968
4.631294E-05	7268
4.637663E-05	7568
4.606509E-05	7868
4.646442E-05	8168
4.617131E-05	8468
4.591473E-05	8768
4.595886E-05	9068
4.589229E-05	9368
4.618019E-05	9668
4.592904E-05	9968
4.622785E-05	10268
4.627419E-05	10568
4.586471E-05	10868
4.591343E-05	11168
4.611007E-05	11468
4.638885E-05	11768
4.598780E-05	12068
4.656169E-05	12368
4.662056E-05	12668
4.648237E-05	12968
4.613166E-05	13268
4.612848E-05	13568
4.619947E-05	13868
4.635355E-05	14168
4.639479E-05	14468
4.640130E-05	14768
4.591735E-05	15069
4.587365E-05	15369
4.652904E-05	15669
4.665741E-05	15969
4.644935E-05	16269
4.695771E-05	16569
4.699863E-05	16869
4.676436E-05	17169
4.697404E-05	17469
4.691800E-05	17769
4.690239E-05	18069
4.693135E-05	18369
4.655957E-05	18669
4.699422E-05	18969
4.716764E-05	19269
4.719232E-05	19569
4.695850E-05	19869
4.685972E-05	20169
4.661558E-05	20469
4.638888E-05	20769
4.611412E-05	21069
4.587678E-05	21369
4.557103E-05	21669
4.524652E-05	21969
4.485380E-05	22269
4.446804E-05	22569
4.415058E-05	22870
4.383142E-05	23170
4.348789E-05	23470
4.315162E-05	23770
4.287823E-05	24070
4.262945E-05	24370
4.247107E-05	24670
4.224947E-05	24970
4.205905E-05	25270
4.189263E-05	25570
4.178242E-05	25870
4.165525E-05	26170
4.160123E-05	26470
4.150687E-05	26770
4.145791E-05	27070
4.138827E-05	27370
4.132911E-05	27670
4.128329E-05	27970
4.122885E-05	28270
4.116918E-05	28570
4.109985E-05	28870
4.107309E-05	29170
4.102867E-05	29470
4.099922E-05	29770
4.098251E-05	30070
4.097356E-05	30373
4.096444E-05	30673
4.095967E-05	30973
4.093571E-05	31273
4.093531E-05	31573
4.090160E-05	31879
4.087709E-05	32180
4.083610E-05	32480
4.080837E-05	32780
4.076732E-05	33080
4.073863E-05	33380
4.071763E-05	33680
4.071348E-05	33980
4.070557E-05	34280
4.069890E-05	34580
4.068866E-05	34880
4.068768E-05	35180
4.067937E-05	35480
4.068064E-05	35780
4.067400E-05	36080
4.067450E-05	36380
4.067853E-05	36680
4.068172E-05	36980
4.067659E-05	37280
4.068323E-05	37580
4.067809E-05	37880
4.067811E-05	38182
4.068143E-05	38482
4.066191E-05	38782
4.066101E-05	39082
4.065046E-05	39382
4.063440E-05	39682
4.062843E-05	39982
4.061935E-05	40282
4.062257E-05	40582
4.065007E-05	40882
4.067059E-05	41182
4.068820E-05	41482
4.073352E-05	41782
4.078003E-05	42082
4.084877E-05	42382
4.096986E-05	42682
4.111322E-05	42982
4.122973E-05	43282
4.138261E-05	43582
4.156169E-05	43882
4.178760E-05	44182
4.203785E-05	44482
4.226284E-05	44782
4.247640E-05	45082
4.272987E-05	45382
4.297903E-05	45683
4.328039E-05	45983
4.354292E-05	46283
4.373711E-05	46583
4.394975E-05	46883
4.409084E-05	47183
4.422594E-05	47483
4.431112E-05	47783
4.441517E-05	48083
4.453477E-05	48383
4.466110E-05	48683
4.485811E-05	48983
4.498719E-05	49283
4.513315E-05	49583
4.528399E-05	49883
4.539354E-05	50183
4.549179E-05	50483
4.566148E-05	50783
4.578953E-05	51083
4.593702E-05	51383
4.608114E-05	51683
4.611090E-05	51983
4.616542E-05	52283
4.611581E-05	52583
4.610883E-05	52883
4.608236E-05	53183
4.611483E-05	53484
4.613407E-05	53784
4.617822E-05	54084
4.627117E-05	54384
4.635402E-05	54684
4.645556E-05	54984
4.663645E-05	55284
4.685548E-05	55584
4.698219E-05	55884
4.699528E-05	56184
4.695627E-05	56484
4.697790E-05	56784
4.696506E-05	57084
4.694079E-05	57384
4.659124E-05	57684
4.688171E-05	57984
4.664091E-05	58284
4.638735E-05	58584
4.682196E-05	58884
4.645856E-05	59184
4.669888E-05	59484
4.699676E-05	59784
4.723973E-05	60084
4.704834E-05	60384
4.693702E-05	60684
4.675267E-05	60984
4.695332E-05	61286
4.694607E-05	61586
4.696670E-05	61886
4.694835E-05	62186
4.698024E-05	62486
4.705153E-05	62792
4.692669E-05	63092
4.711126E-05	63392
4.718307E-05	63692
4.691216E-05	63992
4.661758E-05	64292
4.677285E-05	64592
4.667274E-05	64892
4.655257E-05	65192
4.600804E-05	65492
4.625569E-05	65792
4.627212E-05	66092
4.625121E-05	66392
4.629252E-05	66692
4.625899E-05	66992
4.622220E-05	67292
4.610439E-05	67592
4.576426E-05	67892
4.559535E-05	68192
4.546861E-05	68492
4.505129E-05	68793
4.511090E-05	69093
4.521709E-05	69393
4.521826E-05	69693
4.490816E-05	69993
4.480302E-05	70293
4.495932E-05	70593
4.447050E-05	70893
4.460712E-05	71193
4.467797E-05	71493
4.466545E-05	71793
4.431794E-05	72093
4.426391E-05	72393
4.460286E-05	72693
4.427573E-05	72993
4.456877E-05	73293
4.486372E-05	73593
4.462266E-05	73893
4.492797E-05	74193
4.479107E-05	74493
4.493832E-05	74793
4.465725E-05	75093
4.470138E-05	75393
4.456696E-05	75693
4.478433E-05	75993
4.501108E-05	76293
4.471445E-05	76594
4.470084E-05	76894
4.446216E-05	77194
4.456596E-05	77494
4.460633E-05	77794
4.464652E-05	78094
4.442550E-05	78394
4.450092E-05	78694
4.449303E-05	78994
4.408291E-05	79294
4.386686E-05	79594
4.419531E-05	79894
4.413100E-05	80194
4.455246E-05	80494
4.429303E-05	80794
4.468131E-05	81094
4.450488E-05	81394
4.469272E-05	81694
4.421378E-05	81994
4.396409E-05	82294
4.420409E-05	82594
4.432266E-05	82894
4.430277E-05	83194
4.446139E-05	83494
4.468765E-05	83794
4.503163E-05	84096
4.457315E-05	84396
4.484068E-05	84696
4.439422E-05	84996
4.471267E-05	85296
4.479238E-05	85596
4.429107E-05	85896
4.487234E-05	86196
4.516788E-05	86496
4.514146E-05	86796
4.470310E-05	87096
4.484922E-05	87396
4.500052E-05	87696
4.549588E-05	87996
4.568363E-05	88296
4.571374E-05	88596
4.582433E-05	88896
4.568463E-05	89196
4.550083E-05	89496
4.572867E-05	89796
4.599607E-05	90096
4.593621E-05	90396
4.590105E-05	90696
4.624249E-05	90996
4.633092E-05	91296
4.615717E-05	91596
4.629626E-05	91897
4.590484E-05	92197
4.629574E-05	92497
4.617055E-05	92797
4.640622E-05	93097
4.674837E-05	93397
4.695729E-05	93703
4.711758E-05	94003
4.707240E-05	94303
4.681384E-05	94603
4.649218E-05	94903
4.691949E-05	95203
4.652949E-05	95503
4.670720E-05	95803
4.633239E-05	96103
4.658044E-05	96403
4.660993E-05	96703
4.682606E-05	97003
4.667126E-05	97303
4.654366E-05	97603
4.681063E-05	97903
4.690628E-05	98203
4.672072E-05	98503
4.685267E-05	98803
4.680558E-05	99103
4.663797E-05	99403
4.663913E-05	99705
4.684828E-05	100005
4.674212E-05	100305
4.672012E-05	100605
4.649721E-05	100905
4.674235E-05	101205
4.659702E-05	101505
4.663580E-05	101805
4.650826E-05	102105
4.650747E-05	102405
4.649311E-05	102705
4.643617E-05	103005
4.635677E-05	103305
4.639949E-05	103605
4.643228E-05	103905
4.640309E-05	104205
4.658204E-05	104505
4.660625E-05	104805
4.668263E-05	105105
4.689144E-05	105405
4.696869E-05	105705
4.679033E-05	106005
4.698932E-05	106305
4.678160E-05	106605
4.687657E-05	106906
4.670751E-05	107206
4.669471E-05	107506
4.671524E-05	107806
4.682112E-05	108106
4.726298E-05	108406
4.698552E-05	108706
4.710456E-05	109006
4.700775E-05	109306
4.647471E-05	109606
4.594186E-05	109906
4.612372E-05	110206
4.599287E-05	110506
4.607361E-05	110806
4.573808E-05	111106
4.569702E-05	111406
4.582129E-05	111706
4.529405E-05	112006
4.541488E-05	112306
4.538060E-05	112606
4.520312E-05	112906
4.491630E-05	113206
4.502442E-05	113506
4.476604E-05	113806
4.476854E-05	114107
4.473281E-05	114407
4.444568E-05	114707
4.411361E-05	115007
4.410210E-05	115307
4.430153E-05	115607
4.402420E-05	115907
4.404568E-05	116207
4.358037E-05	116507
4.361865E-05	116807
4.301430E-05	117107
4.308252E-05	117407
4.268721E-05	117707
4.257578E-05	118007
4.191724E-05	118307
4.139097E-05	118607
4.154944E-05	118907
4.141252E-05	119207
4.135634E-05	119507
4.088864E-05	119807
4.082167E-05	120107
4.099966E-05	120407
4.069546E-05	120707
4.077305E-05	121007
4.089441E-05	121307
4.014519E-05	121609
4.051423E-05	121909
4.115460E-05	122209
4.120448E-05	122509
4.047947E-05	122809
4.068450E-05	123109
4.089341E-05	123415
4.072905E-05	123715
4.078703E-05	124015
4.075756E-05	124315
4.085009E-05	124615
4.085785E-05	124915
4.061348E-05	125215
4.090037E-05	125515
4.062104E-05	125815
4.059425E-05	126115
4.069875E-05	126415
4.033060E-05	126715
4.056016E-05	127015
4.064024E-05	127315
4.080444E-05	127615
4.063832E-05	127915
4.074664E-05	128215
4.069113E-05	128515
4.066779E-05	128816
4.054627E-05	129116
4.053837E-05	129416
4.065731E-05	129716
4.078158E-05	130016
4.083384E-05	130316
4.074655E-05	130616
4.047052E-05	130916
4.062134E-05	131216
4.067580E-05	131516
4.066489E-05	131816
4.061569E-05	132116
4.038089E-05	132416
4.009861E-05	132716
4.082133E-05	133016
4.086422E-05	133316
4.070135E-05	133616
4.103686E-05	133916
4.135416E-05	134216
4.092312E-05	134516
4.131490E-05	134816
4.130709E-05	135116
4.133193E-05	135416
4.140226E-05	135716
4.112038E-05	136016
4.112001E-05	136318
4.116241E-05	136618
4.125282E-05	136918
4.109647E-05	137218
4.116784E-05	137518
4.119285E-05	137818
4.101287E-05	138118
4.122348E-05	138418
4.108782E-05	138718
4.071821E-05	139018
4.084724E-05	139318
4.079693E-05	139618
4.077786E-05	139918
4.080092E-05	140218
4.081377E-05	140518
4.064378E-05	140818
4.045733E-05	141118
4.054410E-05	141418
4.046364E-05	141718
4.030512E-05	142018
4.105635E-05	142318
4.053902E-05	142618
4.076219E-05	142918
4.061496E-05	143218
4.046044E-05	143519
4.039960E-05	143819
4.069499E-05	144119
4.079000E-05	144419
4.050211E-05	144719
4.051415E-05	145019
4.071541E-05	145319
4.053418E-05	145619
4.067571E-05	145919
4.046815E-05	146219
4.064733E-05	146519
4.053227E-05	146819
4.078031E-05	147119
4.083206E-05	147419
4.094247E-05	147719
4.086505E-05	148019
4.085800E-05	148319
4.072779E-05	148619
4.067408E-05	148919
4.056204E-05	149219
4.073662E-05	149519
4.082454E-05	149819
4.075127E-05	150119
4.029352E-05	150419
4.040343E-05	150720
4.041364E-05	151020
4.063221E-05	151320
4.070403E-05	151620
4.082253E-05	151920
4.053723E-05	152220
4.079094E-05	152520
4.076336E-05	152826
4.068506E-05	153126
4.060449E-05	153426
4.065849E-05	153726
4.092090E-05	154026
4.082277E-05	154326
4.066494E-05	154626
4.058166E-05	154926
4.077266E-05	155226
4.096738E-05	155526
4.078421E-05	155826
4.053445E-05	156126
4.096854E-05	156426
4.076637E-05	156726
4.058413E-05	157026
4.110289E-05	157326
4.072184E-05	157626
4.070522E-05	157926
4.067291E-05	158227
4.089536E-05	158527
4.068108E-05	158827
4.050143E-05	159127
4.102870E-05	159427
4.101487E-05	159727
4.079221E-05	160027
4.077507E-05	160327
4.089534E-05	160627
4.065267E-05	160927
4.084316E-05	161227
4.092120E-05	161527
4.083403E-05	161827
4.068011E-05	162127
4.066817E-05	162427
4.068283E-05	162727
4.058963E-05	163027
4.081121E-05	163327
4.110813E-05	163627
4.069816E-05	163927
4.009498E-05	164227
4.039996E-05	164527
4.080049E-05	164827
4.060752E-05	165127
4.032643E-05	165429
4.056415E-05	165729
4.073439E-05	166029
4.046771E-05	166329
4.046148E-05	166629
4.094291E-05	166929
4.087946E-05	167229
4.046208E-05	167529
4.007628E-05	167829
4.034869E-05	168129
4.059168E-05	168429
4.050152E-05	168729
4.063223E-05	169029
4.050336E-05	169329
4.099319E-05	169629
4.085490E-05	169929
4.078539E-05	170229
4.092538E-05	170529
4.075758E-05	170829
4.089428E-05	171129
4.084662E-05	171429
4.077260E-05	171729
4.082630E-05	172029
4.066587E-05	172329
4.091365E-05	172630
4.091073E-05	172930
4.103049E-05	173230
4.105854E-05	173530
4.123007E-05	173830
4.111149E-05	174130
4.104352E-05	174430
4.131203E-05	174730
4.069226E-05	175030
4.101786E-05	175330
4.136538E-05	175630
4.185064E-05	175930
4.151844E-05	176230
4.176673E-05	176530
4.160926E-05	176830
4.124498E-05	177130
4.162287E-05	177430
4.180858E-05	177730
4.189656E-05	178030
4.204569E-05	178330
4.205264E-05	178630
4.216515E-05	178930
4.220867E-05	179230
4.240078E-05	179530
4.215441E-05	179830
4.211569E-05	180131
4.211900E-05	180431
4.231854E-05	180731
4.241274E-05	181031
4.211744E-05	181331
4.224511E-05	181631
4.196478E-05	181931
4.236601E-05	182237
4.209642E-05	182537
4.222492E-05	182837
4.215202E-05	183137
4.249163E-05	183437
4.263661E-05	183737
4.232774E-05	184037
4.263047E-05	184337
4.292867E-05	184637
4.292219E-05	184937
4.267602E-05	185237
4.242984E-05	185537
4.242685E-05	185837
4.221090E-05	186137
4.240763E-05	186437
4.272384E-05	186737
4.327011E-05	187037
4.331757E-05	187339
4.262026E-05	187639
4.277690E-05	187939
4.289138E-05	188239
4.312918E-05	188539
4.327729E-05	188839
4.359863E-05	189139
4.321839E-05	189439
4.307516E-05	189739
4.333179E-05	190039
4.339534E-05	190339
4.346730E-05	190639
4.335132E-05	190939
4.360941E-05	191239
4.309883E-05	191539
4.296492E-05	191839
4.289140E-05	192139
4.305043E-05	192439
4.306100E-05	192739
4.337827E-05	193039
4.322468E-05	193339
4.312070E-05	193639
4.294536E-05	193939
4.301418E-05	194239
4.292155E-05	194539
4.303971E-05	194840
4.346166E-05	195140
4.279137E-05	195440
4.279966E-05	195740
4.313125E-05	196040
4.248899E-05	196340
4.250009E-05	196640
4.239439E-05	196940
4.244361E-05	197240
4.194063E-05	197540
4.203498E-05	197840
4.232482E-05	198140
4.201830E-05	198440
4.214429E-05	198740
4.195800E-05	199040
4.207333E-05	199340
4.218261E-05	199640
4.218320E-05	199940
4.227419E-05	200240
4.237196E-05	200540
4.252399E-05	200840
4.236397E-05	201140
4.240470E-05	201440
4.253342E-05	201740
4.278597E-05	202041
4.275664E-05	202341
4.251884E-05	202641
4.272590E-05	202941
4.266471E-05	203241
4.213376E-05	203541
4.225021E-05	203841
4.200602E-05	204141
4.179269E-05	204441
4.198109E-05	204741
4.219445E-05	205041
4.150101E-05	205341
4.161874E-05	205641
4.174371E-05	205941
4.190863E-05	206241
4.210860E-05	206541
4.178665E-05	206841
4.188293E-05	207141
4.209087E-05	207441
4.178948E-05	207741
4.198233E-05	208041
4.164126E-05	208341
4.132018E-05	208641
4.129661E-05	208941
4.141622E-05	209243
4.153869E-05	209543
4.137370E-05	209843
4.159883E-05	210143
4.167595E-05	210443
4.147489E-05	210743
4.124829E-05	211043
4.131100E-05	211343
4.160988E-05	211649
4.108730E-05	211949
4.065764E-05	212249
4.104416E-05	212549
4.097980E-05	212849
4.092641E-05	213149
4.116478E-05	213449
4.118200E-05	213749
4.114035E-05	214049
4.111214E-05	214349
4.109950E-05	214649
4.066166E-05	214949
4.021843E-05	215249
4.058134E-05	215549
4.047869E-05	215849
4.036776E-05	216149
4.065098E-05	216449
4.068787E-05	216750
4.089825E-05	217050
4.072776E-05	217350
4.052879E-05	217650
4.074788E-05	217950
4.065506E-05	218250
4.056649E-05	218550
4.048469E-05	218850
4.076920E-05	219150
4.040588E-05	219450
4.037629E-05	219750
4.024533E-05	220050
4.005641E-05	220350
4.020538E-05	220650
4.036327E-05	220950
4.066592E-05	221250
4.066676E-05	221550
4.084636E-05	221850
4.138470E-05	222150
4.051672E-05	222450
4.071110E-05	222750
4.070383E-05	223050
4.060967E-05	223350
4.085859E-05	223650
4.105353E-05	223951
4.110922E-05	224251
4.096935E-05	224551
4.092486E-05	224851
4.110816E-05	225151
4.087706E-05	225451
4.111710E-05	225751
4.104323E-05	226051
4.122025E-05	226351
4.138627E-05	226651
4.133002E-05	226951
4.150746E-05	227251
4.108017E-05	227551
4.150547E-05	227851
4.123636E-05	228151
4.109755E-05	228451
4.110662E-05	228751
4.123827E-05	229051
4.099995E-05	229351
4.093457E-05	229651
4.119758E-05	229951
4.113016E-05	230251
4.127537E-05	230551
4.108435E-05	230851
4.114097E-05	231153
4.103880E-05	231453
4.093690E-05	231753
4.111454E-05	232053
4.141729E-05	232353
4.152849E-05	232653
4.150744E-05	232953
4.159312E-05	233253
4.140144E-05	233553
4.162672E-05	233853
4.180087E-05	234153
4.177329E-05	234453
4.174657E-05	234753
4.177411E-05	235053
4.166870E-05	235353
4.184682E-05	235653
4.184442E-05	235953
4.143806E-05	236253
4.177606E-05	236553
4.165641E-05	236853
4.173065E-05	237153
4.218405E-05	237453
4.252919E-05	237753
4.277967E-05	238053
4.232191E-05	238353
4.219809E-05	238654
4.238063E-05	238954
4.267578E-05	239254
4.269796E-05	239554
4.259024E-05	239854
4.257731E-05	240154
4.286999E-05	240454
4.280936E-05	240754
4.284070E-05	241060
4.295332E-05	241360
4.304795E-05	241660
4.349730E-05	241960
4.386900E-05	242260
4.372565E-05	242560
4.320564E-05	242860
4.350995E-05	243160
4.394261E-05	243460
4.387352E-05	243760
4.409200E-05	244060
4.385463E-05	244360
4.346381E-05	244660
4.376442E-05	244960
4.409237E-05	245260
4.421146E-05	245560
4.435057E-05	245861
4.448667E-05	246161
4.444222E-05	246461
4.408211E-05	246761
4.420582E-05	247061
4.436321E-05	247361
4.460505E-05	247661
4.488416E-05	247961
4.494776E-05	248261
4.460986E-05	248561
4.515961E-05	248861
4.484049E-05	249161
4.466543E-05	249461
4.466175E-05	249761
4.494960E-05	250061
4.485723E-05	250361
4.498392E-05	250661
4.434100E-05	250961
4.498351E-05	251261
4.485180E-05	251561
4.523771E-05	251861
4.553386E-05	252161
4.547339E-05	252461
4.532483E-05	252761
4.530067E-05	253061
4.523320E-05	253363
4.511117E-05	253663
4.515414E-05	253963
4.525406E-05	254263
4.523771E-05	254563
4.512662E-05	254863
4.492147E-05	255163
4.509337E-05	255463
4.487163E-05	255763
4.507779E-05	256063
4.553703E-05	256363
4.547233E-05	256663
4.496253E-05	256963
4.511299E-05	257263
4.527973E-05	257563
4.511310E-05	257863
4.539765E-05	258163
4.496988E-05	258463
4.438470E-05	258763
4.425536E-05	259063
4.451978E-05	259363
4.417941E-05	259663
4.427993E-05	259963
4.431287E-05	260263
4.436167E-05	260564
4.445291E-05	260864
4.443202E-05	261164
4.415554E-05	261464
4.424932E-05	261764
4.412303E-05	262064
4.391657E-05	262364
4.441792E-05	262664
4.426152E-05	262964
4.407838E-05	263264
4.412666E-05	263564
4.404853E-05	263864
4.419564E-05	264164
4.447941E-05	264464
4.423931E-05	264764
4.452202E-05	265064
4.443500E-05	265364
4.415412E-05	265664
4.424361E-05	265964
4.414042E-05	266264
4.364758E-05	266564
4.368730E-05	266864
4.365146E-05	267164
4.342179E-05	267464
4.346716E-05	267765
4.346983E-05	268065
4.298367E-05	268365
4.258278E-05	268665
4.269872E-05	268965
4.285880E-05	269265
4.279241E-05	269565
4.305186E-05	269865
4.278391E-05	270165
4.310089E-05	270472
4.301895E-05	270772
4.278074E-05	271072
4.284305E-05	271372
4.272423E-05	271672
4.241166E-05	271972
4.222323E-05	272272
4.236136E-05	272572
4.267583E-05	272872
4.254523E-05	273172
4.230536E-05	273472
4.232014E-05	273772
4.250489E-05	274072
4.211694E-05	274372
4.237341E-05	274672
4.192744E-05	274972
4.202194E-05	275274
4.222559E-05	275574
4.196859E-05	275874
4.169301E-05	276174
4.170883E-05	276474
4.204586E-05	276774
4.199917E-05	277074
4.226789E-05	277374
4.219284E-05	277674
4.197776E-05	277974
4.197806E-05	278274
4.194713E-05	278574
4.210138E-05	278874
4.179672E-05	279174
4.160609E-05	279474
4.178569E-05	279774
4.155647E-05	280074
4.144101E-05	280374
4.114067E-05	280674
4.127135E-05	280974
4.132615E-05	281274
4.106573E-05	281574
4.115654E-05	281874
4.137448E-05	282174
4.134192E-05	282475
4.153526E-05	282775
4.149866E-05	283075
4.137248E-05	283375
4.117246E-05	283675
4.107924E-05	283975
4.102409E-05	284275
4.096407E-05	284575
4.094262E-05	284875
4.126754E-05	285175
4.139852E-05	285475
4.124142E-05	285775
4.125179E-05	286075
4.117586E-05	286375
4.124592E-05	286675
4.123989E-05	286975
4.119887E-05	287275
4.122743E-05	287575
4.121811E-05	287875
4.125792E-05	288175
4.118467E-05	288475
4.091538E-05	288775
4.134802E-05	289075
4.125082E-05	289375
4.138127E-05	289675
4.121705E-05	289976
4.136312E-05	290276
4.152854E-05	290576
4.151849E-05	290876
4.152368E-05	291176
4.167666E-05	291476
4.161225E-05	291776
4.152736E-05	292076
4.143381E-05	292376
4.139325E-05	292676
4.121650E-05	292976
4.113658E-05	293276
4.106777E-05	293576
4.116245E-05	293876
4.098410E-05	294176
4.105300E-05	294476
4.097561E-05	294776
4.117546E-05	295076
4.129641E-05	295376
4.168612E-05	295676
4.149057E-05	295976
4.168232E-05	296276
4.155537E-05	296576
4.145299E-05	296876
4.191971E-05	297178
4.157909E-05	297478
4.159241E-05	297778
4.221729E-05	298078
4.210813E-05	298378
4.199389E-05	298678
4.204684E-05	298978
4.200156E-05	299278
4.179808E-05	299578
4.192848E-05	299884
4.168895E-05	300184
4.150980E-05	300484
4.176393E-05	300784
4.206034E-05	301084
4.204625E-05	301384
4.207291E-05	301684
4.230384E-05	301984
4.170911E-05	302284
4.194444E-05	302584
4.216504E-05	302884
4.249050E-05	303184
4.202663E-05	303484
4.206881E-05	303784
4.254411E-05	304084
4.224428E-05	304386
4.202867E-05	304686
4.254576E-05	304986
4.234530E-05	305286
4.271477E-05	305586
4.277713E-05	305886
4.303282E-05	306186
4.288207E-05	306486
4.274281E-05	306786
4.286903E-05	307086
4.303047E-05	307386
4.331688E-05	307686
4.359724E-05	307986
4.351459E-05	308286
4.367396E-05	308586
4.356311E-05	308886
4.362686E-05	309186
4.327980E-05	309486
4.319331E-05	309786
4.337086E-05	310086
4.374777E-05	310386
4.379430E-05	310686
4.388192E-05	310986
4.397793E-05	311286
4.401703E-05	311586
4.388583E-05	311887
4.404542E-05	312187
4.396989E-05	312487
4.422221E-05	312787
4.463033E-05	313087
4.398060E-05	313387
4.393946E-05	313687
4.401855E-05	313987
4.397379E-05	314287
4.381552E-05	314587
4.370660E-05	314887
4.372432E-05	315187
4.321276E-05	315487
4.308289E-05	315787
4.362385E-05	316087
4.358906E-05	316387
4.339980E-05	316687
4.348291E-05	316987
4.361383E-05	317287
4.369374E-05	317587
4.364772E-05	317887
4.380360E-05	318187
4.328203E-05	318487
4.346623E-05	318787
4.305172E-05	319088
4.334731E-05	319388
4.347805E-05	319688
4.322999E-05	319988
4.311708E-05	320288
4.303488E-05	320588
4.310862E-05	320888
4.327604E-05	321188
4.339902E-05	321488
4.334297E-05	321788
4.323200E-05	322088
4.304861E-05	322388
4.299980E-05	322688
4.273169E-05	322988
4.292429E-05	323288
4.252318E-05	323588
4.250493E-05	323888
4.236839E-05	324188
4.251708E-05	324488
4.265864E-05	324788
4.220389E-05	325088
4.231932E-05	325388
4.246845E-05	325688
4.268304E-05	325988
4.244730E-05	326290
4.279427E-05	326590
4.257801E-05	326890
4.245935E-05	327190
4.248809E-05	327490
4.222621E-05	327790
4.231225E-05	328090
4.260247E-05	328390
4.240057E-05	328690
4.245509E-05	328990
4.230855E-05	329295
4.218873E-05	329595
4.211341E-05	329895
4.188911E-05	330195
4.200528E-05	330495
4.191426E-05	330795
4.204446E-05	331095
4.197762E-05	331395
4.206255E-05	331695
4.206185E-05	331995
4.193909E-05	332295
4.201872E-05	332595
4.198933E-05	332895
4.255923E-05	333195
4.261705E-05	333495
4.240566E-05	333797
4.237543E-05	334097
4.226876E-05	334397
4.204347E-05	334697
4.188766E-05	334997
4.212069E-05	335297
4.202941E-05	335597
4.172833E-05	335897
4.166765E-05	336197
4.213714E-05	336497
4.201540E-05	336797
4.208347E-05	337097
4.202029E-05	337397
4.223385E-05	337697
4.192478E-05	337997
4.152852E-05	338297
4.150915E-05	338597
4.171610E-05	338897
4.204156E-05	339197
4.230020E-05	339497
4.231718E-05	339797
4.221805E-05	340097
4.202387E-05	340397
4.192214E-05	340697
4.176318E-05	340998
4.193975E-05	341298
4.202731E-05	341598
4.131016E-05	341898
4.164676E-05	342198
4.179663E-05	342498
4.173413E-05	342798
4.164585E-05	343098
4.146415E-05	343398
4.174512E-05	343698
4.182924E-05	343998
4.166843E-05	344298
4.163100E-05	344598
4.181976E-05	344898
4.182692E-05	345198
4.181079E-05	345498
4.189475E-05	345798
4.170818E-05	346098
4.169385E-05	346398
4.168598E-05	346698
4.211504E-05	346998
4.208567E-05	347298
4.223319E-05	347598
4.204930E-05	347898
4.190983E-05	348198
4.199415E-05	348499
4.194085E-05	348799
4.172792E-05	349099
4.170482E-05	349399
4.147163E-05	349699
4.177616E-05	349999
4.169731E-05	350299
4.171818E-05	350599
4.134233E-05	350899
4.115981E-05	351199
4.115487E-05	351499
4.123792E-05	351799
4.108079E-05	352099
4.114213E-05	352399
4.106366E-05	352699
4.094555E-05	352999
4.119203E-05	353299
4.092485E-05	353599
4.055622E-05	353899
4.049804E-05	354199
4.058332E-05	354499
4.057434E-05	354799
4.093639E-05	355099
4.089016E-05	355399
4.068221E-05	355701
4.098709E-05	356001
4.069606E-05	356301
4.059295E-05	356601
4.076761E-05	356901
4.088198E-05	357201
4.072947E-05	357501
4.081529E-05	357801
4.054694E-05	358101
4.109769E-05	358401
4.051592E-05	358706
4.013090E-05	359006
4.076766E-05	359306
4.083195E-05	359606
4.072992E-05	359906
4.075652E-05	360206
4.080006E-05	360506
4.047270E-05	360806
4.092557E-05	361106
4.106931E-05	361406
4.107636E-05	361706
4.103148E-05	362006
4.062246E-05	362306
4.076575E-05	362606
4.063910E-05	362908
4.065802E-05	363208
4.070221E-05	363508
4.062745E-05	363808
4.064795E-05	364108
4.068084E-05	364408
4.076832E-05	364708
4.081019E-05	365008
4.047916E-05	365308
4.062983E-05	365608
4.059901E-05	365908
4.066571E-05	366208
4.085118E-05	366508
4.093791E-05	366808
4.078053E-05	367108
4.063700E-05	367408
4.069936E-05	367708
4.076948E-05	368008
4.057989E-05	368308
4.051125E-05	368608
4.043696E-05	368908
4.050265E-05	369208
4.058367E-05	369508
4.046787E-05	369808
4.034157E-05	370108
4.077384E-05	370409
4.066206E-05	370709
4.049969E-05	371009
4.056628E-05	371309
4.060387E-05	371609
4.050995E-05	371909
4.049538E-05	372209
4.032536E-05	372509
4.018989E-05	372809
4.027768E-05	373109
4.071185E-05	373409
4.037642E-05	373709
4.061874E-05	374009
4.069593E-05	374309
4.033999E-05	374609
4.068075E-05	374909
4.119342E-05	375209
4.124851E-05	375509
4.082774E-05	375809
4.091964E-05	376109
4.111266E-05	376409
4.091466E-05	376709
4.090624E-05	377009
4.090486E-05	377309
4.066606E-05	377610
4.057773E-05	377910
4.105027E-05	378210
4.096107E-05	378510
4.081652E-05	378810
4.088334E-05	379110
4.099276E-05	379410
4.050369E-05	379710
4.061886E-05	380010
4.074757E-05	380310
4.040446E-05	380610
4.060381E-05	380910
4.083132E-05	381210
4.042009E-05	381510
4.019218E-05	381810
4.092490E-05	382110
4.066637E-05	382410
4.099347E-05	382710
4.081608E-05	383010
4.079713E-05	383310
4.098846E-05	383610
4.125472E-05	383910
4.108409E-05	384210
4.097051E-05	384510
4.051023E-05	384812
4.052756E-05	385112
4.076702E-05	385412
4.100209E-05	385712
4.075819E-05	386012
4.070914E-05	386312
4.079485E-05	386612
4.027122E-05	386912
4.054524E-05	387212
4.026146E-05	387512
4.056624E-05	387812
4.080886E-05	388117
4.071783E-05	388417
4.060690E-05	388717
4.082607E-05	389017
4.082562E-05	389317
4.072924E-05	389617
4.097199E-05	389917
4.089313E-05	390217
4.128780E-05	390517
4.131540E-05	390817
4.131738E-05	391117
4.133100E-05	391417
4.106714E-05	391717
4.094159E-05	392017
4.103202E-05	392319
4.087334E-05	392619
4.100473E-05	392919
4.073407E-05	393219
4.097473E-05	393519
4.106588E-05	393819
4.084190E-05	394119
4.078569E-05	394419
4.091993E-05	394719
4.093030E-05	395019
4.106773E-05	395319
4.094856E-05	395619
4.044500E-05	395919
4.072447E-05	396219
4.114949E-05	396519
4.080832E-05	396819
4.058481E-05	397119
4.090646E-05	397419
4.057280E-05	397719
4.039724E-05	398019
4.080817E-05	398319
4.077607E-05	398619
4.074555E-05	398919
4.089256E-05	399219
4.089208E-05	399520
4.058442E-05	399820
4.072759E-05	400120
4.068219E-05	400420
4.067932E-05	400720
4.066408E-05	401020
4.052083E-05	401320
4.049364E-05	401620
4.096746E-05	401920
4.079187E-05	402220
4.068673E-05	402520
4.091216E-05	402820
4.064366E-05	403120
4.088734E-05	403420
4.055419E-05	403720
4.073011E-05	404020
4.053900E-05	404320
4.058841E-05	404620
4.073955E-05	404920
4.073959E-05	405220
4.057298E-05	405520
4.078292E-05	405820
4.078111E-05	406120
4.101010E-05	406420
4.124376E-05	406720
4.123999E-05	407022
4.122733E-05	407322
4.151523E-05	407622
4.113609E-05	407922
4.134451E-05	408222
4.145574E-05	408522
4.161091E-05	408822
4.167867E-05	409122
4.162800E-05	409422
4.161860E-05	409722
4.187957E-05	410022
4.172424E-05	410322
4.191069E-05	410622
4.200590E-05	410922
4.187540E-05	411222
4.145376E-05	411522
4.147444E-05	411822
4.115754E-05	412122
4.168172E-05	412422
4.139758E-05	412722
4.158655E-05	413022
4.137959E-05	413322
4.149562E-05	413622
4.160524E-05	413922
4.134585E-05	414223
4.164311E-05	414523
4.156168E-05	414823
4.128077E-05	415123
4.159893E-05	415423
4.122826E-05	415723
4.091232E-05	416023
4.109583E-05	416323
4.121516E-05	416623
4.078291E-05	416923
4.090097E-05	417223
4.069315E-05	417530
4.073049E-05	417830
4.078402E-05	418130
4.086766E-05	418430
4.056539E-05	418730
4.008921E-05	419030
4.046726E-05	419330
4.047291E-05	419630
4.036364E-05	419930
4.034895E-05	420230
4.034498E-05	420530
4.045349E-05	420830
4.046908E-05	421130
4.079135E-05	421431
4.063390E-05	421731
4.060881E-05	422031
4.055685E-05	422331
4.078734E-05	422631
4.098265E-05	422931
4.111840E-05	423231
4.082150E-05	423531
4.103606E-05	423831
4.118159E-05	424131
4.118513E-05	424431
4.148537E-05	424731
4.133593E-05	425031
4.127995E-05	425331
4.181247E-05	425631
4.161487E-05	425931
4.206137E-05	426231
4.217407E-05	426531
4.197414E-05	426831
4.192246E-05	427131
4.189243E-05	427431
4.186040E-05	427731
4.242351E-05	428031
4.270664E-05	428331
4.278840E-05	428631
4.322074E-05	428932
4.352573E-05	429232
4.342832E-05	429532
4.335971E-05	429832
4.347191E-05	430132
4.305107E-05	430432
4.368406E-05	430732
4.359062E-05	431032
4.342868E-05	431332
4.362863E-05	431632
4.350446E-05	431932
4.339978E-05	432232
4.349983E-05	432532
4.355815E-05	432832
4.343516E-05	433132
4.320423E-05	433432
4.351181E-05	433732
4.320588E-05	434032
4.298989E-05	434332
4.291164E-05	434632
4.287538E-05	434932
4.308487E-05	435232
4.313722E-05	435532
4.314459E-05	435832
4.329437E-05	436135
4.332996E-05	436434
4.378585E-05	436735
4.348197E-05	437034
4.326388E-05	437335
4.276671E-05	437634
4.323659E-05	437935
4.318480E-05	438234
4.314671E-05	438535
4.284036E-05	438834
4.295545E-05	439135
4.314468E-05	439434
4.315618E-05	439735
4.286542E-05	440034
4.248526E-05	440335
4.293803E-05	440634
4.268699E-05	440935
4.271148E-05	441234
4.296733E-05	441535
4.330394E-05	441834
4.328604E-05	442135
4.256966E-05	442434
4.280625E-05	442735
4.261487E-05	443034
4.252408E-05	443335
4.240682E-05	443635
4.222976E-05	443935
4.211352E-05	444235
4.233053E-05	444535
4.191442E-05	444835
4.230580E-05	445135
4.216157E-05	445435
4.221788E-05	445735
4.225061E-05	446035
4.193729E-05	446335
4.173263E-05	446635
4.204081E-05	446941
4.182255E-05	447241
4.200345E-05	447541
4.186466E-05	447841
4.178665E-05	448141
4.154936E-05	448441
4.169183E-05	448741
4.179845E-05	449041
4.181241E-05	449341
4.198542E-05	449641
4.168495E-05	449941
4.168335E-05	450241
4.152990E-05	450541
4.142389E-05	450842
4.147155E-05	451142
4.152501E-05	451442
4.145495E-05	451742
4.117682E-05	452042
4.142308E-05	452342
4.163678E-05	452642
4.149159E-05	452942
4.136196E-05	453242
4.133428E-05	453542
4.127416E-05	453842
4.127860E-05	454142
4.140265E-05	454442
4.145667E-05	454742
4.144904E-05	455042
4.079477E-05	455342
4.091589E-05	455642
4.085606E-05	455942
4.098897E-05	456242
4.121578E-05	456542
4.121788E-05	456842
4.147016E-05	457142
4.137256E-05	457442
4.132159E-05	457742
4.146724E-05	458043
4.116695E-05	458343
4.147015E-05	458643
4.162196E-05	458943
4.165496E-05	459243
4.176787E-05	459543
4.171428E-05	459843
4.222081E-05	460143
4.224089E-05	460443
4.202414E-05	460743
4.195167E-05	461043
4.190658E-05	461343
4.207690E-05	461643
4.209381E-05	461943
4.182581E-05	462243
4.203868E-05	462543
4.220293E-05	462843
4.228943E-05	463143
4.214497E-05	463443
4.245476E-05	463743
4.254218E-05	464043
4.225474E-05	464343
4.204491E-05	464643
4.202537E-05	464943
4.213494E-05	465243
4.225648E-05	465545
4.240139E-05	465845
4.207792E-05	466145
4.261871E-05	466445
4.268167E-05	466745
4.257465E-05	467045
4.270684E-05	467345
4.277232E-05	467645
4.276507E-05	467945
4.260811E-05	468245
4.290909E-05	468545
4.280690E-05	468845
4.243901E-05	469145
4.248785E-05	469445
4.247976E-05	469745
4.176033E-05	470045
4.236159E-05	470345
4.241862E-05	470645
4.251455E-05	470945
4.238422E-05	471245
4.251473E-05	471545
4.245350E-05	471845
4.260834E-05	472145
4.247527E-05	472445
4.227190E-05	472747
4.186486E-05	473047
4.203281E-05	473347
4.205337E-05	473647
4.216176E-05	473947
4.212385E-05	474247
4.207720E-05	474547
4.216264E-05	474847
4.205277E-05	475147
4.238850E-05	475447
4.204956E-05	475747
4.228792E-05	476047
4.166183E-05	476354
4.194095E-05	476654
4.193242E-05	476954
4.231906E-05	477254
4.208804E-05	477554
4.198401E-05	477854
4.214386E-05	478154
4.187959E-05	478454
4.161338E-05	478754
4.180767E-05	479054
4.160725E-05	479354
4.206837E-05	479654
4.204503E-05	479956
4.185023E-05	480256
4.147548E-05	480556
4.167021E-05	480856
4.172464E-05	481156
4.162515E-05	481456
4.140987E-05	481756
4.126056E-05	482056
4.126259E-05	482356
4.134982E-05	482656
4.161772E-05	482956
4.179597E-05	483256
4.147115E-05	483556
4.169863E-05	483856
4.174086E-05	484156
4.192217E-05	484456
4.207203E-05	484756
4.122190E-05	485056
4.137765E-05	485356
4.141677E-05	485656
4.153556E-05	485956
4.165606E-05	486256
4.158834E-05	486556
4.109964E-05	486856
4.133961E-05	487156
4.125816E-05	487457
4.117821E-05	487757
4.097178E-05	488057
4.107403E-05	488357
4.128115E-05	488657
4.140867E-05	488957
4.129838E-05	489257
4.114375E-05	489557
4.119955E-05	489857
4.136944E-05	490157
4.109538E-05	490457
4.140303E-05	490757
4.115405E-05	491057
4.105614E-05	491357
4.121744E-05	491657
4.116090E-05	491957
4.099992E-05	492257
4.118325E-05	492557
4.133478E-05	492857
4.110954E-05	493157
4.137065E-05	493457
4.163145E-05	493757
4.150151E-05	494057
4.130602E-05	494357
4.092602E-05	494659
4.130006E-05	494959
4.122427E-05	495259
4.124439E-05	495559
4.129028E-05	495859
4.112116E-05	496159
4.076634E-05	496459
4.078601E-05	496759
4.023832E-05	497059
4.120339E-05	497359
4.115923E-05	497659
4.102222E-05	497959
4.077120E-05	498259
4.090141E-05	498559
4.114654E-05	498859
4.113873E-05	499159
4.111166E-05	499459
4.129308E-05	499759
4.037317E-05	500059
4.063375E-05	500359
4.067858E-05	500659
4.063242E-05	500959
4.080248E-05	501259
4.077265E-05	501559
4.059947E-05	501859
4.089553E-05	502160
4.098570E-05	502460
4.134716E-05	502760
4.094984E-05	503060
4.033403E-05	503360
4.070562E-05	503660
4.073473E-05	503960
4.069757E-05	504260
4.068000E-05	504560
4.051888E-05	504860
4.094708E-05	505160
4.082519E-05	505460
4.062949E-05	505766
4.095948E-05	506066
4.051967E-05	506366
4.055192E-05	506666
4.089607E-05	506966
4.106171E-05	507266
4.049748E-05	507566
4.065027E-05	507866
4.090625E-05	508166
4.113295E-05	508466
4.130970E-05	508766
4.084666E-05	509066
4.084448E-05	509367
4.033028E-05	509667
4.050858E-05	509967
4.066065E-05	510267
4.089955E-05	510567
4.096697E-05	510867
4.074829E-05	511167
4.064674E-05	511467
4.068089E-05	511767
4.104797E-05	512067
4.112067E-05	512367
4.110816E-05	512667
4.096273E-05	512967
4.076442E-05	513267
4.089500E-05	513567
4.062798E-05	513867
4.039871E-05	514167
4.038040E-05	514467
4.051373E-05	514767
4.069939E-05	515067
4.112704E-05	515367
4.096643E-05	515667
4.096511E-05	515967
4.092409E-05	516267
4.083988E-05	516568
4.084037E-05	516868
4.083830E-05	517168
4.061882E-05	517468
4.098253E-05	517768
4.076876E-05	518068
4.063150E-05	518368
4.086866E-05	518668
4.087933E-05	518968
4.059335E-05	519268
4.039484E-05	519568
4.061781E-05	519868
4.077676E-05	520168
4.099491E-05	520468
4.046631E-05	520768
4.034648E-05	521068
4.043030E-05	521368
4.041215E-05	521668
4.061235E-05	521968
4.052625E-05	522268
4.047233E-05	522568
4.031199E-05	522868
4.011203E-05	523168
4.056442E-05	523468
4.073424E-05	523768
4.032590E-05	524070
4.067600E-05	524370
4.066233E-05	524670
4.064299E-05	524970
4.037338E-05	525270
4.045615E-05	525570
4.082340E-05	525870
4.103000E-05	526170
4.121252E-05	526470
4.079341E-05	526770
4.053684E-05	527070
4.083795E-05	527370
4.022935E-05	527670
4.063600E-05	527970
4.046799E-05	528270
4.075599E-05	528570
4.068573E-05	528870
4.094844E-05	529170
4.092212E-05	529470
4.071555E-05	529770
4.063203E-05	530070
4.067311E-05	530370
4.036189E-05	530670
4.081755E-05	530970
4.098052E-05	531271
4.103456E-05	531571
4.084288E-05	531871
4.073402E-05	532171
4.069579E-05	532471
4.062888E-05	532771
4.069266E-05	533071
4.086045E-05	533371
4.088081E-05	533671
4.100923E-05	533971
4.099689E-05	534271
4.079816E-05	534571
4.119229E-05	534871
4.122608E-05	535177
4.110841E-05	535477
4.066118E-05	535777
4.054037E-05	536077
4.070648E-05	536377
4.079721E-05	536677
4.049759E-05	536977
4.098094E-05	537277
4.050816E-05	537577
4.070760E-05	537877
4.104292E-05	538177
4.094765E-05	538478
4.082697E-05	538778
4.081641E-05	539078
4.070919E-05	539378
4.052103E-05	539678
4.096631E-05	539978
4.079472E-05	540278
4.098117E-05	540578
4.097076E-05	540878
4.078569E-05	541178
4.045217E-05	541478
4.070616E-05	541778
4.084931E-05	542078
4.039522E-05	542378
4.095081E-05	542678
4.127975E-05	542978
4.094643E-05	543278
4.097609E-05	543578
4.056813E-05	543878
4.038667E-05	544178
4.056255E-05	544478
4.034108E-05	544778
4.036721E-05	545078
4.065548E-05	545378
4.087510E-05	545678
4.051314E-05	545980
4.072017E-05	546280
4.069127E-05	546580
4.087538E-05	546880
4.060241E-05	547180
4.073720E-05	547480
4.051589E-05	547780
4.084118E-05	548080
4.078962E-05	548380
4.067371E-05	548680
4.075213E-05	548980
4.084413E-05	549280
4.057675E-05	549580
4.075911E-05	549880
4.112457E-05	550180
4.091515E-05	550480
4.097186E-05	550780
4.094869E-05	551080
4.079759E-05	551380
4.071286E-05	551680
4.100581E-05	551980
4.087542E-05	552280
4.122383E-05	552580
4.126097E-05	552880
4.122013E-05	553181
4.111330E-05	553481
4.125161E-05	553781
4.135390E-05	554081
4.133651E-05	554381
4.137948E-05	554681
4.152581E-05	554981
4.147601E-05	555281
4.110434E-05	555581
4.127382E-05	555881
4.136997E-05	556181
4.152064E-05	556481
4.162401E-05	556781
4.190581E-05	557081
4.218919E-05	557381
4.213995E-05	557681
4.209514E-05	557981
4.210242E-05	558281
4.203702E-05	558581
4.229499E-05	558881
4.217918E-05	559181
4.211358E-05	559481
4.217874E-05	559781
4.247413E-05	560081
4.197546E-05	560381
4.222269E-05	560682
4.234827E-05	560982
4.261902E-05	561282
4.279272E-05	561582
4.305435E-05	561882
4.299254E-05	562182
4.283805E-05	562482
4.269739E-05	562782
4.252625E-05	563082
4.305465E-05	563382
4.301167E-05	563682
4.316897E-05	563982
4.315664E-05	564282
4.310711E-05	564589
4.282016E-05	564889
4.290051E-05	565189
4.307370E-05	565489
4.334435E-05	565789
4.278299E-05	566089
4.311601E-05	566389
4.326542E-05	566689
4.327020E-05	566989
4.361567E-05	567289
4.341174E-05	567589
4.314666E-05	567891
4.294104E-05	568191
4.314055E-05	568491
4.354383E-05	568791
4.327811E-05	569091
4.357477E-05	569391
4.353565E-05	569691
4.343753E-05	569991
4.345505E-05	570291
4.338427E-05	570591
4.384905E-05	570891
4.358556E-05	571191
4.344070E-05	571491
4.396323E-05	571791
4.405128E-05	572091
4.401034E-05	572391
4.355162E-05	572691
4.319438E-05	572991
4.304420E-05	573291
4.329054E-05	573591
4.354168E-05	573891
4.364397E-05	574191
4.358526E-05	574491
4.348354E-05	574791
4.351050E-05	575092
4.334333E-05	575392
4.333640E-05	575692
4.361564E-05	575992
4.357443E-05	576292
4.364628E-05	576592
4.312409E-05	576892
4.286130E-05	577192
4.325507E-05	577492
4.339914E-05	577792
4.322407E-05	578092
4.322069E-05	578392
4.319903E-05	578692
4.312254E-05	578992
4.292300E-05	579292
4.350720E-05	579592
4.316737E-05	579892
4.256178E-05	580192
4.244896E-05	580492
4.259252E-05	580792
4.266189E-05	581092
4.254638E-05	581392
4.246007E-05	581692
4.219469E-05	581992
4.212518E-05	582292
4.208705E-05	582593
4.204530E-05	582893
4.200074E-05	583193
4.178847E-05	583493
4.165542E-05	583793
4.165804E-05	584093
4.157409E-05	584393
4.173505E-05	584693
4.180380E-05	584993
4.206639E-05	585293
4.190305E-05	585593
4.215741E-05	585893
4.187262E-05	586193
4.180314E-05	586493
4.190436E-05	586793
4.189725E-05	587093
4.203907E-05	587393
4.218944E-05	587693
4.176478E-05	587993
4.174604E-05	588293
4.186832E-05	588593
4.204613E-05	588893
4.217070E-05	589193
4.200711E-05	589493
4.198188E-05	589795
4.160820E-05	590095
4.146537E-05	590395
4.149367E-05	590695
4.139499E-05	590995
4.105489E-05	591295
4.122590E-05	591595
4.157056E-05	591895
4.178232E-05	592195
4.177725E-05	592495
4.153945E-05	592795
4.171389E-05	593095
4.151652E-05	593395
4.136267E-05	593695
4.195938E-05	594001
4.213835E-05	594301
4.151934E-05	594601
4.163816E-05	594901
4.154488E-05	595201
4.155843E-05	595501
4.156214E-05	595801
4.138298E-05	596101
4.161283E-05	596401
4.124190E-05	596701
4.145331E-05	597001
4.134370E-05	597302
4.108820E-05	597602
4.123295E-05	597902
4.122977E-05	598202
4.140173E-05	598502
4.119287E-05	598802
4.125327E-05	599102
4.156809E-05	599402
4.201526E-05	599702
4.186024E-05	600002
4.158477E-05	600302
4.166066E-05	600602
4.163886E-05	600902
4.134387E-05	601202
4.165520E-05	601502
4.196302E-05	601802
4.186416E-05	602102
4.206492E-05	602402
4.211174E-05	602702
4.189026E-05	603002
4.196891E-05	603302
4.231076E-05	603602
4.229875E-05	603902
4.266935E-05	604202
4.255471E-05	604504
4.223593E-05	604804
4.254359E-05	605104
4.259805E-05	605404
4.251065E-05	605704
4.282451E-05	606004
4.252416E-05	606304
4.272260E-05	606604
4.274510E-05	606904
4.287141E-05	607204
4.290641E-05	607504
4.281642E-05	607804
4.265624E-05	608104
4.229134E-05	608404
4.238601E-05	608704
4.226098E-05	609004
4.247417E-05	609304
4.241292E-05	609604
4.241030E-05	609904
4.247148E-05	610204
4.260855E-05	610504
4.222304E-05	610804
4.218325E-05	611104
4.255598E-05	611404
4.237231E-05	611705
4.230853E-05	612005
4.186554E-05	612305
4.237163E-05	612605
4.219237E-05	612905
4.230653E-05	613205
4.245004E-05	613505
4.248001E-05	613805
4.235234E-05	614105
4.236707E-05	614405
4.226643E-05	614705
4.256420E-05	615005
4.268334E-05	615305
4.281484E-05	615605
4.273059E-05	615905
4.290089E-05	616205
4.273485E-05	616505
4.270266E-05	616805
4.287534E-05	617105
4.284301E-05	617405
4.305978E-05	617705
4.326938E-05	618005
4.347819E-05	618305
4.341991E-05	618605
4.376519E-05	618905
4.372773E-05	619206
4.364014E-05	619506
4.396757E-05	619806
4.378653E-05	620106
4.363516E-05	620406
4.406017E-05	620706
4.376489E-05	621006
4.380817E-05	621306
4.332352E-05	621606
4.341660E-05	621906
4.372261E-05	622206
4.356455E-05	622506
4.389605E-05	622806
4.358142E-05	623106
4.394490E-05	623414
4.374141E-05	623714
4.341064E-05	624014
4.304192E-05	624314
4.296118E-05	624614
4.303615E-05	624914
4.325264E-05	625214
4.336385E-05	625514
4.314365E-05	625814
4.304226E-05	626114
4.270562E-05	626415
4.329674E-05	626715
4.343941E-05	627015
4.269523E-05	627315
4.268866E-05	627615
4.276731E-05	627915
4.302170E-05	628215
4.290824E-05	628515
4.247354E-05	628815
4.270401E-05	629115
4.300065E-05	629415
4.278968E-05	629715
4.206104E-05	630015
4.238318E-05	630315
4.262613E-05	630615
4.255888E-05	630915
4.238280E-05	631215
4.226763E-05	631515
4.242915E-05	631815
4.193924E-05	632115
4.246436E-05	632415
4.260076E-05	632715
4.208145E-05	633015
4.183825E-05	633315
4.194481E-05	633616
4.171047E-05	633916
4.172599E-05	634216
4.192219E-05	634516
4.178906E-05	634816
4.154026E-05	635116
4.166152E-05	635416
4.183247E-05	635716
4.181595E-05	636016
4.145735E-05	636316
4.142610E-05	636616
4.108214E-05	636916
4.132807E-05	637216
4.171712E-05	637516
4.132958E-05	637816
4.124471E-05	638116
4.103163E-05	638416
4.129718E-05	638716
4.127752E-05	639016
4.129347E-05	639316
4.131829E-05	639616
4.151707E-05	639916
4.124467E-05	640216
4.133373E-05	640516
4.121879E-05	640816
4.160632E-05	641118
4.114478E-05	641418
4.115736E-05	641718
4.115316E-05	642018
4.132003E-05	642318
4.082731E-05	642618
4.048585E-05	642918
4.108236E-05	643218
4.077383E-05	643518
4.117225E-05	643818
4.070791E-05	644118
4.107233E-05	644418
4.109001E-05	644718
4.103595E-05	645018
4.115254E-05	645318
4.104329E-05	645618
4.066309E-05	645918
4.103909E-05	646218
4.101697E-05	646518
4.087594E-05	646818
4.104085E-05	647118
4.082026E-05	647418
4.071784E-05	647718
4.066607E-05	648018
4.089848E-05	648319
4.083598E-05	648619
4.108579E-05	648919
4.090552E-05	649219
4.091486E-05	649519
4.089000E-05	649819
4.060588E-05	650119
4.024857E-05	650419
4.068608E-05	650719
4.068510E-05	651019
4.072346E-05	651319
4.077096E-05	651619
4.084493E-05	651919
4.062760E-05	652219
4.089367E-05	652519
4.086882E-05	652826
4.084175E-05	653126
4.076530E-05	653426
4.079031E-05	653726
4.083239E-05	654026
4.089473E-05	654326
4.083317E-05	654626
4.066382E-05	654926
4.058690E-05	655226
4.080002E-05	655526
4.079581E-05	655827
4.071421E-05	656127
4.047719E-05	656427
3.999644E-05	656727
4.005883E-05	657027
4.047502E-05	657327
4.033180E-05	657627
4.024905E-05	657927
4.066710E-05	658227
4.053747E-05	658527
4.100120E-05	658827
4.069407E-05	659127
4.063667E-05	659427
4.076571E-05	659727
4.077615E-05	660027
4.072897E-05	660327
4.088785E-05	660627
4.094305E-05	660927
4.107937E-05	661227
4.090898E-05	661527
4.067930E-05	661827
4.081157E-05	662127
4.104304E-05	662427
4.062626E-05	662727
4.061548E-05	663029
4.097872E-05	663329
4.115763E-05	663629
4.088251E-05	663929
4.074787E-05	664229
4.106322E-05	664529
4.118886E-05	664829
4.125062E-05	665129
4.088482E-05	665429
4.105550E-05	665729
4.085875E-05	666029
4.079810E-05	666329
4.090140E-05	666629
4.065044E-05	666929
4.029571E-05	667229
4.077972E-05	667529
4.072834E-05	667829
4.064383E-05	668129
4.071486E-05	668429
4.099413E-05	668729
4.106888E-05	669029
4.090165E-05	669329
4.040902E-05	669629
4.053403E-05	669929
4.057566E-05	670230
4.069565E-05	670530
4.061753E-05	670830
4.052462E-05	671130
4.090976E-05	671430
4.045383E-05	671730
4.022594E-05	672030
4.027181E-05	672330
4.029816E-05	672630
4.056888E-05	672930
4.058479E-05	673230
4.101032E-05	673530
4.111982E-05	673830
4.085869E-05	674130
4.092536E-05	674430
4.055278E-05	674730
4.044837E-05	675030
4.056842E-05	675330
4.061203E-05	675630
4.087807E-05	675930
4.094957E-05	676230
4.077800E-05	676530
4.072387E-05	676830
4.045603E-05	677130
4.054138E-05	677430
4.079811E-05	677731
4.104998E-05	678031
4.103960E-05	678331
4.100844E-05	678631
4.095837E-05	678931
4.085552E-05	679231
4.070183E-05	679531
4.089138E-05	679831
4.075049E-05	680131
4.102076E-05	680431
4.166508E-05	680731
4.147762E-05	681031
4.134721E-05	681331
4.082115E-05	681631
4.129795E-05	681931
4.110729E-05	682237
4.104541E-05	682537
4.112027E-05	682837
4.110637E-05	683137
4.148692E-05	683437
4.130617E-05	683737
4.123379E-05	684037
4.127016E-05	684337
4.129787E-05	684637
4.110919E-05	684939
4.136157E-05	685239
4.146289E-05	685539
4.153237E-05	685839
4.144507E-05	686139
4.111213E-05	686439
4.142697E-05	686739
4.180144E-05	687039
4.164619E-05	687339
4.134244E-05	687639
4.138385E-05	687939
4.116610E-05	688239
4.138671E-05	688539
4.140481E-05	688839
4.156671E-05	689139
4.138240E-05	689439
4.160526E-05	689739
4.094377E-05	690039
4.076791E-05	690339
4.114794E-05	690639
4.121702E-05	690939
4.130903E-05	691239
4.119139E-05	691539
4.166589E-05	691839
4.177800E-05	692140
4.173215E-05	692440
4.187363E-05	692740
4.180121E-05	693040
4.161917E-05	693340
4.198173E-05	693640
4.219425E-05	693940
4.210939E-05	694240
4.197729E-05	694540
4.228839E-05	694840
4.194117E-05	695140
4.192081E-05	695440
4.202360E-05	695740
4.198712E-05	696040
4.199469E-05	696340
4.233957E-05	696640
4.175082E-05	696940
4.194644E-05	697240
4.179779E-05	697540
4.214210E-05	697840
4.163375E-05	698140
4.195271E-05	698440
4.230837E-05	698740
4.232203E-05	699040
4.192912E-05	699340
4.170803E-05	699641
4.189941E-05	699941
4.187642E-05	700241
4.210618E-05	700541
4.185889E-05	700841
4.182596E-05	701141
4.221810E-05	701441
4.219887E-05	701741
4.198749E-05	702041
4.219222E-05	702341
4.241165E-05	702641
4.217532E-05	702941
4.204013E-05	703241
4.248456E-05	703541
4.262128E-05	703841
4.239577E-05	704141
4.243087E-05	704441
4.248624E-05	704741
4.287555E-05	705041
4.279985E-05	705341
4.274013E-05	705641
4.289514E-05	705941
4.282674E-05	706241
4.295780E-05	706541
4.268992E-05	706843
4.277045E-05	707143
4.304404E-05	707443
4.288787E-05	707743
4.283370E-05	708043
4.279995E-05	708343
4.287131E-05	708643
4.332649E-05	708943
4.311934E-05	709243
4.335947E-05	709543
4.300236E-05	709843
4.310892E-05	710143
4.371443E-05	710443
4.330538E-05	710743
4.282475E-05	711043
4.253709E-05	711343
4.262660E-05	711649
4.277564E-05	711949
4.290217E-05	712249
4.273392E-05	712549
4.290564E-05	712849
4.290232E-05	713149
4.269572E-05	713449
4.285651E-05	713749
4.269512E-05	714049
4.287447E-05	714350
4.250252E-05	714650
4.244050E-05	714950
4.266566E-05	715250
4.269185E-05	715550
4.226140E-05	715850
4.274043E-05	716150
4.236574E-05	716450
4.251178E-05	716750
4.255834E-05	717050
4.265232E-05	717350
4.266804E-05	717650
4.272670E-05	717950
4.271275E-05	718250
4.209979E-05	718550
4.230544E-05	718850
4.269412E-05	719150
4.250343E-05	719450
4.217273E-05	719750
4.270436E-05	720050
4.261639E-05	720350
4.300778E-05	720650
4.286365E-05	720950
4.252227E-05	721250
4.254074E-05	721552
4.302522E-05	721852
4.333293E-05	722152
4.313380E-05	722452
4.283078E-05	722752
4.306445E-05	723052
4.360771E-05	723352
4.376428E-05	723652
4.381611E-05	723952
4.404676E-05	724252
4.433837E-05	724552
4.417681E-05	724852
4.447550E-05	725152
4.432744E-05	725452
4.509610E-05	725752
4.526000E-05	726052
4.490466E-05	726352
4.489007E-05	726652
4.484642E-05	726952
4.516894E-05	727252
4.559746E-05	727552
4.563995E-05	727852
4.563477E-05	728152
4.536912E-05	728452
4.509030E-05	728753
4.510925E-05	729053
4.532944E-05	729353
4.537656E-05	729653
4.519171E-05	729953
4.557441E-05	730253
4.543551E-05	730553
4.542296E-05	730853
4.541373E-05	731153
4.535400E-05	731453
4.560330E-05	731753
4.569257E-05	732053
4.550389E-05	732353
4.520520E-05	732653
4.533368E-05	732953
4.491732E-05	733253
4.492422E-05	733553
4.500215E-05	733853
4.460008E-05	734153
4.513766E-05	734453
4.554332E-05	734753
4.526829E-05	735053
4.584759E-05	735353
4.587159E-05	735653
4.581729E-05	735953
4.544858E-05	736254
4.551540E-05	736554
4.581840E-05	736854
4.618848E-05	737154
4.608686E-05	737454
4.609248E-05	737754
4.613862E-05	738054
4.616061E-05	738354
4.631535E-05	738654
4.615582E-05	738954
4.573689E-05	739254
4.581882E-05	739554
4.558134E-05	739854
4.531121E-05	740154
4.502286E-05	740454
4.475523E-05	740754
4.451614E-05	741060
4.425147E-05	741360
4.402457E-05	741660
4.378052E-05	741960
4.357085E-05	742260
4.331468E-05	742560
4.309110E-05	742860
4.280432E-05	743160
4.262809E-05	743462
4.242504E-05	743762
4.224953E-05	744062
4.202523E-05	744362
4.183737E-05	744662
4.168298E-05	744962
4.160783E-05	745262
4.155636E-05	745562
4.154305E-05	745862
4.152958E-05	746162
4.157312E-05	746462
4.165244E-05	746762
4.170411E-05	747062
4.177594E-05	747362
4.182528E-05	747662
4.194859E-05	747962
4.208798E-05	748262
4.223245E-05	748562
4.237062E-05	748862
4.243041E-05	749162
4.252754E-05	749462
4.256261E-05	749762
4.260996E-05	750062
4.265534E-05	750362
4.273971E-05	750662
4.283784E-05	750963
4.295343E-05	751263
4.311480E-05	751563
4.330909E-05	751863
4.346203E-05	752163
4.368523E-05	752463
4.395916E-05	752763
4.427944E-05	753063
4.465619E-05	753363
4.502143E-05	753663
4.550281E-05	753963
4.598087E-05	754263
4.627772E-05	754563
4.603304E-05	754863
4.597446E-05	755163
4.620638E-05	755463
4.592542E-05	755763
4.544462E-05	756063
4.541631E-05	756363
4.550667E-05	756663
4.523482E-05	756963
4.544836E-05	757263
4.520612E-05	757563
4.467637E-05	757863
4.497372E-05	758164
4.453848E-05	758464
4.455321E-05	758764
4.455217E-05	759064
4.472978E-05	759364
4.457942E-05	759664
4.440234E-05	759964
4.452276E-05	760264
4.467596E-05	760564
4.435104E-05	760864
4.446644E-05	761164
4.415366E-05	761464
4.408174E-05	761764
4.391677E-05	762064
4.382783E-05	762364
4.379372E-05	762664
4.352353E-05	762964
4.352353E-05	763264
4.363341E-05	763564
4.366235E-05	763864
4.415759E-05	764164
4.367652E-05	764464
4.391301E-05	764764
4.378615E-05	765064
4.340765E-05	765366
4.340892E-05	765666
4.347759E-05	765966
4.361198E-05	766266
4.350975E-05	766566
4.328646E-05	766866
4.298324E-05	767166
4.310631E-05	767466
4.298402E-05	767766
4.357375E-05	768066
4.364488E-05	768366
4.318174E-05	768666
4.341310E-05	768966
4.329541E-05	769266
4.292719E-05	769566
4.284961E-05	769866
4.277465E-05	770166
4.271375E-05	770472
4.245373E-05	770772
4.292403E-05	771072
4.307577E-05	771372
4.273974E-05	771672
4.297564E-05	771972
4.285097E-05	772272
4.284970E-05	772572
4.327421E-05	772873
4.314011E-05	773173
4.265282E-05	773473
4.247124E-05	773773
4.268118E-05	774073
4.248912E-05	774373
4.243872E-05	774673
4.259982E-05	774973
4.235713E-05	775273
4.220015E-05	775573
4.226303E-05	775873
4.219588E-05	776173
4.258250E-05	776473
4.223966E-05	776773
4.217052E-05	777073
4.250812E-05	777373
4.262883E-05	777673
4.267289E-05	777973
4.280440E-05	778273
4.264087E-05	778573
4.263987E-05	778873
4.164075E-05	779173
4.196449E-05	779473
4.271896E-05	779773
4.242610E-05	780075
4.241007E-05	780375
4.230248E-05	780675
4.233084E-05	780975
4.205022E-05	781275
4.228930E-05	781575
4.256099E-05	781875
4.238845E-05	782175
4.226049E-05	782475
4.204346E-05	782775
4.218553E-05	783075
4.238698E-05	783375
4.243765E-05	783675
4.219301E-05	783975
4.262182E-05	784275
4.241429E-05	784575
4.273570E-05	784875
4.263156E-05	785175
4.267299E-05	785475
4.265419E-05	785775
4.240063E-05	786075
4.265849E-05	786375
4.279064E-05	786675
4.272064E-05	786975
4.284812E-05	787276
4.290223E-05	787576
4.263133E-05	787876
4.263505E-05	788176
4.305457E-05	788476
4.309884E-05	788776
4.303365E-05	789076
4.331490E-05	789376
4.318143E-05	789676
4.281901E-05	789976
4.247144E-05	790276
4.304647E-05	790576
4.297873E-05	790876
4.345789E-05	791176
4.297847E-05	791476
4.302153E-05	791776
4.359971E-05	792076
4.347230E-05	792376
4.368938E-05	792676
4.357459E-05	792976
4.295950E-05	793276
4.306354E-05	793576
4.334978E-05	793876
4.330148E-05	794176
4.368452E-05	794476
4.387876E-05	794777
4.381407E-05	795077
4.350865E-05	795377
4.373784E-05	795677
4.366648E-05	795977
4.387868E-05	796277
4.396241E-05	796577
4.392880E-05	796877
4.386907E-05	797177
4.362105E-05	797477
4.353540E-05	797777
4.354625E-05	798077
4.310748E-05	798377
4.333354E-05	798677
4.322250E-05	798977
4.308186E-05	799277
4.311459E-05	799577
4.327029E-05	799883
4.307803E-05	800183
4.321526E-05	800483
4.325304E-05	800783
4.273142E-05	801083
4.268874E-05	801383
4.251967E-05	801683
4.248734E-05	801985
4.238882E-05	802285
4.256127E-05	802585
4.227279E-05	802885
4.218581E-05	803185
4.204200E-05	803485
4.200124E-05	803785
4.211866E-05	804085
4.178224E-05	804385
4.186726E-05	804685
4.191738E-05	804985
4.188696E-05	805285
4.189015E-05	805585
4.166530E-05	805885
4.186106E-05	806185
4.178751E-05	806485
4.147291E-05	806785
4.130305E-05	807085
4.121656E-05	807385
4.130213E-05	807685
4.122970E-05	807985
4.112677E-05	808285
4.095615E-05	808585
4.095403E-05	808885
4.113056E-05	809185
4.137755E-05	809486
4.163177E-05	809786
4.131656E-05	810086
4.100152E-05	810386
4.097530E-05	810686
4.089281E-05	810986
4.080398E-05	811286
4.067269E-05	811586
4.069180E-05	811886
4.078817E-05	812186
4.051286E-05	812486
4.047034E-05	812786
4.069452E-05	813086
4.083642E-05	813386
4.097646E-05	813686
4.056784E-05	813986
4.076140E-05	814286
4.115674E-05	814586
4.073823E-05	814886
4.056268E-05	815186
4.103690E-05	815486
4.094607E-05	815786
4.104670E-05	816086
4.098165E-05	816386
4.124099E-05	816687
4.114328E-05	816987
4.136142E-05	817287
4.121501E-05	817587
4.153437E-05	817887
4.165262E-05	818187
4.178382E-05	818487
4.184878E-05	818787
4.198857E-05	819087
4.190334E-05	819387
4.204113E-05	819687
4.222751E-05	819987
4.228434E-05	820287
4.274651E-05	820587
4.282049E-05	820887
4.268825E-05	821187
4.275769E-05	821487
4.293275E-05	821787
4.307303E-05	822087
4.295825E-05	822387
4.347350E-05	822687
4.374763E-05	822987
4.373609E-05	823287
4.357972E-05	823587
4.314904E-05	823889
4.405764E-05	824189
4.387477E-05	824489
4.405673E-05	824789
4.414765E-05	825089
4.392766E-05	825389
4.404287E-05	825689
4.392729E-05	825989
4.378691E-05	826289
4.363115E-05	826589
4.345206E-05	826889
4.347952E-05	827189
4.410347E-05	827489
4.434854E-05	827789
4.387030E-05	828089
4.397667E-05	828389
4.367733E-05	828689
4.379289E-05	828989
4.399770E-05	829295
4.406504E-05	829595
4.418788E-05	829895
4.390896E-05	830195
4.369171E-05	830495
4.374266E-05	830795
4.406902E-05	831095
4.375512E-05	831396
4.399426E-05	831696
4.408689E-05	831996
4.406468E-05	832296
4.417479E-05	832596
4.380781E-05	832896
4.381568E-05	833196
4.356932E-05	833496
4.353478E-05	833796
4.343012E-05	834096
4.303991E-05	834396
4.305885E-05	834696
4.307066E-05	834996
4.297960E-05	835296
4.228720E-05	835596
4.279483E-05	835896
4.289697E-05	836196
4.264451E-05	836496
4.231547E-05	836796
4.206086E-05	837096
4.209058E-05	837396
4.187740E-05	837696
4.173653E-05	837996
4.170296E-05	838296
4.157925E-05	838598
4.180797E-05	838898
4.187559E-05	839198
4.143572E-05	839498
4.156141E-05	839798
4.164341E-05	840098
4.165585E-05	840398
4.145591E-05	840698
4.157267E-05	840998
4.157255E-05	841298
4.146513E-05	841598
4.091566E-05	841898
4.110284E-05	842198
4.136606E-05	842498
4.168855E-05	842798
4.146131E-05	843098
4.101659E-05	843398
4.131321E-05	843698
4.160282E-05	843998
4.133962E-05	844298
4.127328E-05	844598
4.148482E-05	844898
4.075947E-05	845198
4.104466E-05	845498
4.065762E-05	845799
4.108139E-05	846099
4.073163E-05	846399
4.059590E-05	846699
4.099863E-05	846999
4.118569E-05	847299
4.113972E-05	847599
4.117266E-05	847899
4.134209E-05	848199
4.118225E-05	848499
4.120014E-05	848799
4.099876E-05	849099
4.095655E-05	849399
4.103893E-05	849699
4.057100E-05	849999
4.119168E-05	850299
4.124989E-05	850599
4.076282E-05	850899
4.091622E-05	851199
4.089694E-05	851499
4.090938E-05	851799
4.094489E-05	852099
4.068243E-05	852399
4.081919E-05	852699
4.073679E-05	852999
4.070454E-05	853300
4.058356E-05	853600
4.046399E-05	853900
4.033557E-05	854200
4.064442E-05	854500
4.084450E-05	854800
4.062335E-05	855100
4.044343E-05	855400
4.071940E-05	855700
4.069916E-05	856000
4.076078E-05	856300
4.088735E-05	856600
4.047623E-05	856900
4.066386E-05	857200
4.094403E-05	857500
4.104342E-05	857800
4.080961E-05	858100
4.055643E-05	858400
4.070671E-05	858706
4.084348E-05	859006
4.117054E-05	859306
4.132503E-05	859606
4.091430E-05	859906
4.111806E-05	860206
4.016217E-05	860507
4.042215E-05	860807
4.046801E-05	861107
4.081753E-05	861407
4.079342E-05	861707
4.064268E-05	862007
4.100731E-05	862307
4.116348E-05	862607
4.098014E-05	862907
4.081620E-05	863207
4.088328E-05	863507
4.056986E-05	863807
4.047646E-05	864107
4.056433E-05	864407
4.043439E-05	864707
4.090451E-05	865007
4.091600E-05	865307
4.097470E-05	865607
4.070339E-05	865907
4.098638E-05	866207
4.071041E-05	866507
4.095531E-05	866807
4.103150E-05	867107
4.073071E-05	867407
4.043124E-05	867707
4.039048E-05	868009
4.026801E-05	868309
4.062583E-05	868609
3.994494E-05	868909
4.048452E-05	869209
4.056819E-05	869509
4.058304E-05	869809
4.008218E-05	870109
4.033082E-05	870409
4.072801E-05	870709
4.072927E-05	871009
4.090399E-05	871309
4.130222E-05	871609
4.096624E-05	871909
4.091949E-05	872209
4.096132E-05	872509
4.120630E-05	872809
4.101172E-05	873109
4.072559E-05	873409
4.037292E-05	873709
4.028877E-05	874009
4.110649E-05	874309
4.063717E-05	874609
4.070220E-05	874909
4.093328E-05	875210
4.073032E-05	875510
4.082757E-05	875810
4.079352E-05	876110
4.038141E-05	876410
4.036760E-05	876710
4.040738E-05	877010
4.067090E-05	877310
4.098275E-05	877610
4.100680E-05	877910
4.105582E-05	878210
4.095271E-05	878510
4.081565E-05	878810
4.049803E-05	879110
4.030854E-05	879410
4.014094E-05	879710
4.017715E-05	880010
4.025818E-05	880310
4.034873E-05	880610
4.031411E-05	880910
4.053093E-05	881210
4.057761E-05	881510
4.042728E-05	881810
4.062276E-05	882110
4.077248E-05	882411
4.068740E-05	882711
4.078453E-05	883011
4.065071E-05	883311
4.093031E-05	883611
4.037692E-05	883911
4.098839E-05	884211
4.084923E-05	884511
4.089108E-05	884811
4.060055E-05	885111
4.037586E-05	885411
4.067027E-05	885711
4.070842E-05	886011
4.052921E-05	886311
4.054659E-05	886611
4.039715E-05	886911
4.011118E-05	887211
4.010463E-05	887511
3.990132E-05	887811
4.023678E-05	888117
4.021358E-05	888417
4.048433E-05	888717
4.010031E-05	889017
4.077191E-05	889317
4.078259E-05	889617
4.053502E-05	889919
4.086138E-05	890219
4.068012E-05	890519
4.097510E-05	890819
4.131189E-05	891119
4.051670E-05	891419
4.063013E-05	891719
4.050779E-05	892019
4.054345E-05	892319
4.059074E-05	892619
4.064784E-05	892919
4.046101E-05	893219
4.063115E-05	893519
4.085762E-05	893819
4.050256E-05	894119
4.020357E-05	894419
4.024672E-05	894719
4.053448E-05	895019
4.068559E-05	895319
4.084965E-05	895619
4.036370E-05	895919
4.065076E-05	896219
4.081129E-05	896519
4.046619E-05	896819
4.069493E-05	897120
4.067387E-05	897420
4.098949E-05	897720
4.034508E-05	898020
4.045759E-05	898320
4.059070E-05	898620
4.074770E-05	898920
4.075379E-05	899220
4.031141E-05	899520
4.022395E-05	899820
4.009566E-05	900120
4.012945E-05	900420
4.065683E-05	900720
4.065851E-05	901020
4.055780E-05	901320
4.085321E-05	901620
4.102875E-05	901920
4.057832E-05	902220
4.015462E-05	902520
4.039851E-05	902820
4.055761E-05	903120
4.027678E-05	903420
4.038119E-05	903720
4.079058E-05	904020
4.056577E-05	904320
4.076398E-05	904621
4.078235E-05	904921
4.060661E-05	905221
4.064554E-05	905521
4.069935E-05	905821
4.059445E-05	906121
4.090501E-05	906421
4.084742E-05	906721
4.082730E-05	907021
4.046203E-05	907321
4.063699E-05	907621
4.077638E-05	907921
4.087770E-05	908221
4.101494E-05	908521
4.090145E-05	908821
4.031691E-05	909121
4.048366E-05	909421
4.089330E-05	909721
4.073706E-05	910021
4.079441E-05	910321
4.091255E-05	910621
4.079715E-05	910921
4.079323E-05	911221
4.042791E-05	911521
4.082455E-05	911823
4.086383E-05	912123
4.083923E-05	912423
4.097905E-05	912723
4.086691E-05	913023
4.059499E-05	913323
4.035315E-05	913623
4.040175E-05	913923
4.042575E-05	914223
4.052522E-05	914523
4.080564E-05	914823
4.060612E-05	915123
4.080696E-05	915423
4.080992E-05	915723
4.051674E-05	916023
4.071344E-05	916323
4.047176E-05	916623
4.072486E-05	916923
4.073835E-05	917223
4.050432E-05	917529
4.052030E-05	917829
4.089372E-05	918129
4.112230E-05	918429
4.134574E-05	918729
4.091029E-05	919031
4.098310E-05	919331
4.114706E-05	919631
4.117492E-05	919931
4.064255E-05	920231
4.094676E-05	920531
4.120804E-05	920831
4.129159E-05	921131
4.135144E-05	921431
4.141498E-05	921731
4.159527E-05	922031
4.139529E-05	922331
4.104753E-05	922631
4.115968E-05	922931
4.110760E-05	923231
4.076784E-05	923531
4.115594E-05	923831
4.063827E-05	924131
4.099453E-05	924431
4.086742E-05	924731
4.076810E-05	925031
4.074110E-05	925331
4.083426E-05	925631
4.075644E-05	925931
4.084793E-05	926231
4.074579E-05	926532
4.109002E-05	926832
4.093354E-05	927132
4.086961E-05	927432
4.079845E-05	927732
4.095722E-05	928032
4.099498E-05	928332
4.077499E-05	928632
4.063860E-05	928932
4.087133E-05	929232
4.102500E-05	929532
4.064069E-05	929832
4.054728E-05	930132
4.040567E-05	930432
4.063172E-05	930732
4.071571E-05	931032
4.075631E-05	931332
4.056532E-05	931632
4.060750E-05	931932
4.059056E-05	932232
4.031314E-05	932532
4.035775E-05	932832
4.005470E-05	933132
4.007102E-05	933432
4.007120E-05	933735
4.036512E-05	934033
4.067840E-05	934335
4.069158E-05	934633
4.070222E-05	934935
4.038656E-05	935233
4.071780E-05	935535
4.081072E-05	935833
4.063813E-05	936135
4.074049E-05	936433
4.067790E-05	936735
4.072627E-05	937033
4.088632E-05	937335
4.078148E-05	937633
4.110086E-05	937935
4.064232E-05	938233
4.037837E-05	938535
4.089727E-05	938833
4.074852E-05	939135
4.073360E-05	939433
4.073255E-05	939735
4.032572E-05	940033
4.053640E-05	940335
4.078393E-05	940633
4.048035E-05	940936
4.095623E-05	941236
4.068522E-05	941536
4.094431E-05	941836
4.046760E-05	942136
4.080329E-05	942436
4.053560E-05	942736
4.035216E-05	943036
4.059002E-05	943336
4.082457E-05	943636
4.042406E-05	943936
4.064638E-05	944236
4.081634E-05	944536
4.057571E-05	944836
4.044234E-05	945136
4.061755E-05	945436
4.067637E-05	945736
4.035232E-05	946036
4.031837E-05	946336
4.078512E-05	946636
4.065547E-05	946943
4.031285E-05	947243
4.023402E-05	947543
4.065200E-05	947843
4.036511E-05	948143
4.010323E-05	948444
4.061611E-05	948744
4.035638E-05	949044
4.038875E-05	949344
4.017548E-05	949644
3.998701E-05	949944
4.067183E-05	950244
4.065212E-05	950544
4.086976E-05	950844
4.037445E-05	951144
4.052500E-05	951444
4.059597E-05	951744
4.049675E-05	952044
4.047359E-05	952344
4.054924E-05	952644
4.057901E-05	952944
4.075809E-05	953244
4.080891E-05	953544
4.043121E-05	953844
4.044901E-05	954144
4.063963E-05	954444
4.045075E-05	954744
4.060157E-05	955044
4.071725E-05	955344
4.092796E-05	955645
4.055738E-05	955945
4.046596E-05	956245
4.056028E-05	956545
4.044127E-05	956845
4.059077E-05	957145
3.996862E-05	957445
4.038288E-05	957745
4.075702E-05	958045
4.053767E-05	958345
4.015320E-05	958645
4.025246E-05	958945
4.070534E-05	959245
4.086352E-05	959545
4.070403E-05	959845
4.058502E-05	960145
4.063109E-05	960445
4.077542E-05	960745
4.076392E-05	961045
4.095618E-05	961345
4.075442E-05	961645
4.079518E-05	961945
4.071038E-05	962245
4.033618E-05	962545
4.056388E-05	962845
4.042455E-05	963147
4.084577E-05	963447
4.093443E-05	963747
4.058175E-05	964047
4.074785E-05	964347
4.072543E-05	964647
4.070979E-05	964947
4.076692E-05	965247
4.026168E-05	965547
4.047895E-05	965847
4.062659E-05	966147
4.061669E-05	966447
4.056654E-05	966747
4.080203E-05	967047
4.092144E-05	967347
4.111059E-05	967647
4.107575E-05	967947
4.106169E-05	968247
4.061920E-05	968547
4.076761E-05	968847
4.071834E-05	969147
4.085364E-05	969447
4.114194E-05	969747
4.105598E-05	970047
4.076451E-05	970348
4.073981E-05	970648
